gene_symbol,label,logistic_score,rf_score,xgb_score,ensemble_score,model_disagreement,adc_target_score,stability_score
NECTIN4,1,0.9593461131304725,0.9106648421311502,0.93241847,0.9341431402919804,0.024386418629745325,,
FOLR1,1,0.94522589592855,0.8537924967477756,0.93241847,0.9104789527635481,0.049507810389215964,,
ERBB2,1,0.9172836392363105,0.8537312732490521,0.93761563,0.9028768484987423,0.04375857821821163,0.5424508938333876,0.9166666666666666
TACSTD2,1,0.9367626866537887,0.8088850893403682,0.9384947,0.8947141527687229,0.07433519387868323,,
GENE_G,0,0.3177559482707508,0.1846878589405763,0.13407454,0.21217278205249293,0.09487507987727181,0.3176757604377082,0.9166666666666666
EPCAM,0,0.04898249990450576,0.18228213878415492,0.13567427,0.12231296889864636,0.06764681564393085,,
GENE_A,0,0.11186770217906114,0.1439971304503934,0.09941837,0.11842773484842394,0.023001998817240674,0.3865755367913557,1.0
GENE_L,0,0.2442122605548975,0.0,0.05963223,0.10128149703498275,0.12732204483271128,,
GENE_R,0,0.042032451649735764,0.1504207415615045,0.09941837,0.09729052170901918,0.054225465948909424,0.4698201684735502,0.9166666666666666
GENE_P,0,0.11966629091150394,0.03915008602508603,0.05963223,0.07281620249554689,0.04184587971978399,,
GENE_S,0,0.09627214926530502,0.016145833333333335,0.06581457,0.05941085073037141,0.04044517693936063,0.6658232224774743,1.0
GENE_F,0,0.052089962530213293,0.05344747164600106,0.05963223,0.05505655490875503,0.0040203623506621725,,
GENE_H,0,0.028320110211018622,0.045882936507936505,0.05878956,0.04433086847587429,0.01529390431903624,-0.0516382104684624,0.8333333333333334
GENE_J,0,0.05043812648419951,0.0,0.05963223,0.03669011901141675,0.03210539693256212,-0.0471897672300172,0.9166666666666666
GENE_E,0,0.008471072078146704,0.03133758602508603,0.05963223,0.033146962884427825,0.025628527415970676,-0.0203800866005385,0.8333333333333334
GENE_O,0,0.02812642298062098,0.0,0.05878956,0.02897199389642958,0.029403899331895068,0.2824777244820097,0.9166666666666666
GENE_I,0,0.024871165579205306,0.0,0.05878956,0.027886908095957688,0.029510575739647712,0.1455145586427528,1.0
GENE_K,0,0.003373342683829665,0.014297385620915034,0.05963223,0.02576765295159848,0.029831877085829128,,
GENE_D,0,0.0115281839979924,0.0,0.05878956,0.023439247568886715,0.031152176967788103,,
GENE_N,0,0.008677668447365249,0.0,0.05963223,0.022769966332471997,0.03221715963357942,,
GENE_C,0,0.007418927524689018,0.0,0.05878956,0.022069495411118925,0.032016127308532205,-0.0110581262737203,0.75
GENE_B,0,0.0009611607229429686,0.0,0.05878956,0.019916906477203577,0.033668134431760546,-0.2268110676614136,1.0
GENE_Q,0,0.0006702059066138439,0.0,0.05878956,0.0198199215384272,0.033750359403633926,0.0306352701862329,1.0
GENE_M,0,0.00021234175515341935,0.0,0.05878956,0.01966730015460706,0.03388103611215759,,
