gene_symbol,supervised_score,pu_score,pu_uncertainty,rule_score,three_way_consensus,three_way_disagreement
ERBB2,0.9028768484987424,0.8672459176731527,0.040115531722075555,0.5424508938333876,0.7708578866684276,0.1986069147583588
TACSTD2,0.8947141527687229,0.8484746689219037,0.04257518213872488,,0.8715944108453133,0.03269625258665168
NECTIN4,0.9341431402919804,0.9218806643317227,0.021809457762861955,,0.9280119023118516,0.00867087990563528
FOLR1,0.910478952763548,0.884603327681445,0.029510346804141854,,0.8975411402224964,0.01829682996299571
EPCAM,0.1223129688986463,0.26174845040396666,0.059973298558878695,,0.19203070965130647,0.09859577451042345
GENE_A,0.1184277348484239,0.18412827672117202,0.04425384101681703,0.3865755367913557,0.22971051612031723,0.1397645031228859
GENE_B,0.0199169064772035,0.0008214285714285715,0.002229212362046748,-0.2268110676614136,-0.06869091087092717,0.1372685226361036
GENE_C,0.0220694954111189,0.007914824202167003,0.008302646183261283,-0.0110581262737203,0.0063087311131885355,0.016622108196053392
GENE_D,0.0234392475688867,0.001488095238095238,0.0029975424552414697,,0.012463671403490969,0.015521808667961531
GENE_E,0.0331469628844278,0.01503703708056649,0.015220708564472711,-0.0203800866005385,0.009267971121485263,0.027225867262066786
GENE_F,0.055056554908755,0.038150924532983355,0.03319581468251373,,0.046603739720869175,0.011954085878941414
GENE_G,0.2121727820524929,0.2056915746057097,0.07470185010616875,0.3176757604377082,0.24518003903197028,0.0628667139995072
GENE_H,0.0443308684758742,0.07616494576458974,0.03136123269525351,-0.0516382104684624,0.02295253459066718,0.06652959157820695
GENE_I,0.0278869080959576,0.008316838919475836,0.008030159631604666,0.1455145586427528,0.06057276855272875,0.07420968723600951
GENE_J,0.0366901190114167,0.024791902541902538,0.02201635602350781,-0.0471897672300172,0.004764084774434013,0.04538495281879413
GENE_K,0.0257676529515984,0.028424823248646768,0.028509251780655557,,0.027096238100122585,0.0018789031358103746
GENE_L,0.1012814970349827,0.03430074503927444,0.03141295178717236,,0.06779112103712856,0.04736254394513969
GENE_M,0.019667300154607,0.002454761904761905,0.004784982175700208,,0.011061031029684452,0.012171102517898295
GENE_N,0.0227699663324719,0.027286361710185236,0.029590648510659456,,0.02502816402132857,0.0031935737981006783
GENE_O,0.0289719938964295,0.0035968253968253964,0.005517852562454221,0.2824777244820097,0.10501551459175486,0.1542096032951433
GENE_P,0.0728162024955468,0.04709793785322183,0.03860697422449116,,0.059957070174384314,0.0181855593289382
GENE_Q,0.0198199215384272,0.0,0.0,0.0306352701862329,0.016818397241553366,0.015536627881378107
GENE_R,0.0972905217090191,0.20952754412043947,0.04796965308549945,0.4698201684735502,0.2588794114343363,0.1911054408831756
GENE_S,0.0594108507303714,0.025194150496787415,0.020922767959460607,0.6658232224774743,0.25014274123487773,0.36039616050712336
