gene_symbol,tumor_mean,tumor_median,tumor_sd,tumor_iqr,normal_mean,normal_median,delta_expression,tumor_prevalence,normal_prevalence,hpa_normal_max,n_normal_tissues_positive,normal_tissue_fraction_positive,n_normal_celltypes_positive,critical_organ_max,n_critical_tissues_positive,normal_protein_risk,hpa_missing,surface_score,surface_confidence,surface_missing,surface_eligible,tumor_score,selectivity_score,prevalence_score,surface_score_norm,heterogeneity_risk,normal_rna_risk,normal_protein_risk_norm,critical_organ_risk,scorable,benefit_score,risk_score,adc_target_score_raw,passes_hard_filters,adc_target_score,rank,rank_range,stability_score,pareto_candidate
GENE_S,6.971249888184142,6.940548810272818,1.1919695592331971,1.474831310956537,1.4091405697138777,1.3882400434673243,5.552308766805494,0.975,0.0,1,1,0.125,1,0,0,0.1583333333333333,False,0.9,high,False,True,0.6353458829916405,0.6880096403514229,0.975,0.9,0.0914828022433328,0.270135266863481,0.1583333333333333,0.0,True,0.7889893628533371,0.12316614037586276,0.6658232224774743,True,0.6658232224774743,1,0,1.0,True
ERBB2,9.031177219670962,8.92929176519436,0.9653184340027404,1.3296758732682117,0.5671094887524332,0.5581754307983539,8.371116334396007,1.0,0.0,2,4,0.5,1,2,3,0.6333333333333333,False,1.0,high,False,True,0.9169934473709456,1.0,1.0,1.0,0.0532987497178341,0.0356799444250343,0.6333333333333333,0.6666666666666666,True,0.9792483618427363,0.43679746800934866,0.5424508938333876,True,0.5424508938333876,2,1,0.9166666666666666,True
GENE_R,7.743037378162095,7.93783434255805,1.167337826756406,1.7747360544991588,1.6219695438358983,1.6794086186218982,6.258425723936152,1.0,0.0,1,4,0.5,1,1,3,0.3666666666666667,False,0.6,medium,False,True,0.7765823562441305,0.7667984159383355,1.0,0.6,0.1703746347674873,0.3523770841026327,0.3666666666666667,0.3333333333333333,True,0.7941851138425332,0.32436494536898297,0.4698201684735502,True,0.46982016847355024,3,1,0.9166666666666666,True
GENE_A,7.869480900401024,7.899166228317564,1.2401915064021425,1.4670563182856498,2.880844459305924,2.8582574641810314,5.040908764136533,1.0,0.075,2,4,0.5,1,1,2,0.5,False,0.9,high,False,True,0.771106143157858,0.6309474502446134,1.0,0.9,0.0894375414301073,0.6853480142848839,0.5,0.3333333333333333,True,0.8120607708628486,0.42548523407149286,0.3865755367913557,True,0.3865755367913557,4,0,1.0,True
GENE_G,7.59610091617768,7.821428983812341,1.1964045219112354,1.2768192555750444,1.0929339496564705,1.0196907808617837,6.801738202950557,0.9875,0.0,3,4,0.5,1,2,3,0.7666666666666667,False,0.7,medium,False,True,0.7600969247356018,0.8274214112514396,0.9875,0.7,0.0393944833778454,0.1660369414080704,0.7666666666666667,0.6666666666666666,True,0.8251256545593323,0.5074498941216241,0.3176757604377082,True,0.3176757604377082,5,1,0.9166666666666666,False
GENE_O,5.694533220846921,5.812609686058129,1.255753398205521,1.4993633521194534,1.51185697300308,1.4866392199415703,4.325970466116559,0.9,0.0,2,6,0.75,1,1,3,0.55,False,0.7,medium,False,True,0.4756061306435414,0.5511743863741729,0.9,0.7,0.0979361102505315,0.2979285377677393,0.55,0.3333333333333333,True,0.6492538485731373,0.3667761240911276,0.2824777244820097,True,0.2824777244820097,6,1,0.9166666666666666,False
GENE_I,6.930602423383138,6.884095719050171,1.240834121076941,1.634457347987743,2.3198699558140667,2.355245560140092,4.528850158910079,0.9875,0.0,2,4,0.5,1,2,3,0.6333333333333333,False,0.6,medium,False,True,0.627350945483405,0.5738117730354491,0.9875,0.6,0.1334734371069346,0.5432701370301317,0.6333333333333333,0.6666666666666666,True,0.6958562682814861,0.5503417096387332,0.1455145586427528,True,0.14551455864275287,7,0,1.0,False
GENE_Q,3.9539981025012296,3.9245790591269913,1.2290268744368065,1.5270780743655816,3.4482893856089847,3.467439096882808,0.4571399622441823,0.475,0.175,3,1,0.125,1,0,0,0.425,False,0.8,medium,False,True,0.2082215366552924,0.1194889335958449,0.475,0.8,0.105226642571119,0.857413988353379,0.425,0.0,True,0.36665206424257657,0.33601679405634366,0.0306352701862329,True,0.03063527018623291,8,0,1.0,False
GENE_C,6.657231465783338,6.531027144952072,1.2817109216230234,1.377410433079203,3.921681124822096,4.123037669416585,2.4079894755354863,0.975,0.575,2,5,0.625,1,2,5,0.6583333333333333,False,0.7,medium,False,True,0.5773490567488566,0.337165400581052,0.975,0.7,0.0658556264572237,1.0,0.6583333333333333,0.6666666666666666,True,0.6292368843615298,0.6402950106352502,-0.0110581262737203,True,-0.011058126273720381,9,3,0.75,False
GENE_E,4.7223587612384135,4.727013503680499,1.1954695450189057,1.1023680780302394,1.883583906141346,1.853242200908892,2.8737713027716074,0.7625,0.0,2,7,0.875,1,2,5,0.7083333333333334,False,0.6,medium,False,True,0.3218630237681768,0.3891374988120514,0.7625,0.6,0.0,0.4014771275976575,0.7083333333333334,0.6666666666666666,True,0.5078320055856596,0.5282120921861981,-0.0203800866005385,True,-0.020380086600538583,10,2,0.8333333333333334,False
GENE_J,4.590681334321156,4.582913173344168,1.257299646782966,1.7035124169285392,1.2627473156160234,1.4013625023681031,3.1815506709760646,0.65,0.0,3,7,0.875,1,2,5,0.8416666666666668,False,0.8,high,False,True,0.3014554054960194,0.4234796277283177,0.65,0.8,0.1516388081159697,0.2738417618589426,0.8416666666666668,0.6666666666666666,True,0.5249077396925002,0.5720975069225174,-0.0471897672300172,True,-0.04718976723001722,11,1,0.9166666666666666,False
GENE_H,3.6970909961445018,3.075587166228413,2.399914628885496,4.409179558310037,0.7194225723733251,0.7055926273343907,2.369994538894022,0.4875,0.0,3,5,0.625,1,1,3,0.6583333333333333,False,0.9,high,False,True,0.0879865418708136,0.3329259123401126,0.4875,0.9,0.863381598385111,0.0773185660688316,0.6583333333333333,0.3333333333333333,True,0.42374940916973725,0.47538761963819964,-0.0516382104684624,True,-0.0516382104684624,12,2,0.8333333333333334,False
GENE_B,3.985776007704441,2.9635816983935586,2.5943530766956533,4.786351129775472,2.881852215305524,2.9897268831904595,-0.0261451847969009,0.4875,0.05,2,2,0.25,1,1,1,0.45,False,0.8,medium,False,True,0.0721242268668639,0.065563808855267,0.4875,0.8,0.9625989568617848,0.7224821175272097,0.45,0.3333333333333333,True,0.3195751993732961,0.5463862670347097,-0.2268110676614135,True,-0.22681106766141362,13,0,1.0,False
