construct_id,target_id,antibody_id,linker_id,payload_id,conjugation_id,tumor_score,selectivity_score,prevalence_score,normal_risk,affinity_kd_nm,internalization_score_ab,stability_score_ab,aggregation_risk_ab,affinity_log,linker_type,plasma_stability,release_score,hydrophobicity_risk,payload_class,potency_score,permeability_score,hydrophobicity_risk_payload,bystander_score,dar_mean,dar_variance,site_specific,conjugation_stability,dar_optimality,binding_score,internalization_score,payload_release_score,aggregation_risk,cytotoxicity_score,bystander_heterogeneity_benefit,normal_toxicity_score,adc_plasma_stability,functional_adc_score
ADC_001,ERBB2,AB_001,LNK_001,PAY_001,CONJ_002,0.9,0.82,0.7,0.22,1.2,0.8,0.9,0.1,8.920818753952375,protease,0.82,0.85,0.3,microtubule,0.9,0.45,0.55,0.4,4,0.2,1,0.9,1.0,0.7996261313895012,0.7809660984060923,0.8050516970258053,0.36250000000000004,0.8461770902845844,0.12000000000000002,0.3855,0.6074999999999999,0.52361510868498
ADC_002,ERBB2,AB_001,LNK_002,PAY_002,CONJ_001,0.9,0.82,0.7,0.22,1.2,0.8,0.9,0.1,8.920818753952375,non-cleavable,0.95,0.55,0.2,topoisomerase,0.95,0.82,0.4,0.85,2,0.1,1,0.95,0.6065306597126334,0.7906982290340406,0.7303942478415697,0.6174688590464696,0.23750000000000002,0.7452115785333895,0.255,0.4105,0.7125,0.518237526046703
ADC_003,ERBB2,AB_002,LNK_001,PAY_003,CONJ_003,0.9,0.82,0.7,0.22,0.3,0.65,0.82,0.18,9.522878745280337,protease,0.82,0.85,0.3,DNA_damage,0.88,0.6,0.62,0.55,8,0.5,0,0.75,0.1353352832366127,0.7852300479603853,0.755562490056818,0.7223429389325382,0.525,0.6867055123782811,0.16500000000000004,0.512,0.53,0.31000858304588286
ADC_004,ERBB2,AB_003,LNK_003,PAY_002,CONJ_002,0.9,0.82,0.7,0.22,4.5,0.88,0.86,0.12,8.346787486224656,acid,0.7,0.75,0.45,topoisomerase,0.95,0.82,0.4,0.85,4,0.2,1,0.9,1.0,0.8753385534019215,0.7762562624629816,0.5884812837037616,0.36750000000000005,0.8268280330368821,0.255,0.448,0.5465,0.5110382214739734
ADC_005,TACSTD2,AB_001,LNK_001,PAY_001,CONJ_002,0.85,0.88,0.86,0.18,1.2,0.8,0.9,0.1,8.920818753952375,protease,0.82,0.85,0.3,microtubule,0.9,0.45,0.55,0.4,4,0.2,1,0.9,1.0,0.7645457710401448,0.7956856458160294,0.6565928282492135,0.36250000000000004,0.813149131311879,0.05600000000000001,0.3695,0.6074999999999999,0.49734693535272134
ADC_006,TACSTD2,AB_001,LNK_002,PAY_002,CONJ_001,0.85,0.88,0.86,0.18,1.2,0.8,0.9,0.1,8.920818753952375,non-cleavable,0.95,0.55,0.2,topoisomerase,0.95,0.82,0.4,0.85,2,0.1,1,0.95,0.6065306597126334,0.8183679344795575,0.8199928044618375,0.5438473948149362,0.23750000000000002,0.7584208659312531,0.11900000000000001,0.39449999999999996,0.7125,0.5112235628553146
ADC_007,TACSTD2,AB_002,LNK_001,PAY_003,CONJ_003,0.85,0.88,0.86,0.18,0.3,0.65,0.82,0.18,9.522878745280337,protease,0.82,0.85,0.3,DNA_damage,0.88,0.6,0.62,0.55,8,0.5,0,0.75,0.1353352832366127,0.769222660892009,0.668805265341677,0.8244525732722836,0.525,0.6822366556537697,0.07700000000000001,0.496,0.53,0.29870382617495045
ADC_008,TACSTD2,AB_003,LNK_003,PAY_002,CONJ_002,0.85,0.88,0.86,0.18,4.5,0.88,0.86,0.12,8.346787486224656,acid,0.7,0.75,0.45,topoisomerase,0.95,0.82,0.4,0.85,4,0.2,1,0.9,1.0,0.8094510008681736,0.6576181111190923,0.5936439948300753,0.36750000000000005,0.7850235269194229,0.11900000000000001,0.432,0.5465,0.4682652924976249
ADC_009,NECTIN4,AB_001,LNK_001,PAY_001,CONJ_002,0.8,0.91,0.65,0.15,1.2,0.8,0.9,0.1,8.920818753952375,protease,0.82,0.85,0.3,microtubule,0.9,0.45,0.55,0.4,4,0.2,1,0.9,1.0,0.7217156093791888,0.5980649511227498,0.8074317650237737,0.36250000000000004,0.7853457126612801,0.13999999999999999,0.3575,0.6074999999999999,0.4954747132298321
ADC_010,NECTIN4,AB_001,LNK_002,PAY_002,CONJ_001,0.8,0.91,0.65,0.15,1.2,0.8,0.9,0.1,8.920818753952375,non-cleavable,0.95,0.55,0.2,topoisomerase,0.95,0.82,0.4,0.85,2,0.1,1,0.95,0.6065306597126334,0.7742552879609595,0.624821034824345,0.6879689818634308,0.23750000000000002,0.7296297116278593,0.2975,0.3825,0.7125,0.5228843125581085
ADC_011,NECTIN4,AB_002,LNK_001,PAY_003,CONJ_003,0.8,0.91,0.65,0.15,0.3,0.65,0.82,0.18,9.522878745280337,protease,0.82,0.85,0.3,DNA_damage,0.88,0.6,0.62,0.55,8,0.5,0,0.75,0.1353352832366127,0.7129935659707175,0.6756760797101784,0.7607216541281326,0.525,0.6599623564328065,0.1925,0.484,0.53,0.30515053168132433
ADC_012,NECTIN4,AB_003,LNK_003,PAY_002,CONJ_002,0.8,0.91,0.65,0.15,4.5,0.88,0.86,0.12,8.346787486224656,acid,0.7,0.75,0.45,topoisomerase,0.95,0.82,0.4,0.85,4,0.2,1,0.9,1.0,0.836016471146635,0.6622221899138323,0.7900990892710607,0.36750000000000005,0.8307786595619973,0.2975,0.42000000000000004,0.5465,0.5283811287152983
