gene_symbol,baseline,selectivity_high,prevalence_high,safety_high,rank_min,rank_max,rank_range,stability_score
ERBB2,2,2,2,3,2,3,1,0.9166666666666666
GENE_A,4,4,4,4,4,4,0,1.0
GENE_B,13,13,13,13,13,13,0,1.0
GENE_C,9,12,9,9,9,12,3,0.75
GENE_E,10,9,10,11,9,11,2,0.8333333333333334
GENE_G,5,5,5,6,5,6,1,0.9166666666666666
GENE_H,12,10,12,10,10,12,2,0.8333333333333334
GENE_I,7,7,7,7,7,7,0,1.0
GENE_J,11,11,11,12,11,12,1,0.9166666666666666
GENE_O,6,6,6,5,5,6,1,0.9166666666666666
GENE_Q,8,8,8,8,8,8,0,1.0
GENE_R,3,3,3,2,2,3,1,0.9166666666666666
GENE_S,1,1,1,1,1,1,0,1.0
