gene_symbol,predicted_mean,predicted_uncertainty,ucb_score,expected_improvement,round,model_version,selected
ERBB2,0.5365405837349021,0.09185075743482785,0.5824659624523161,0.002775731211881873,1,RF_SURROGATE_V01,True
TACSTD2,0.5436066054674551,0.09450929708226613,0.5908612540085881,0.0037014908765387374,1,RF_SURROGATE_V01,True
GENE_B,0.45243284607234296,0.05874467115524781,0.4818051816499669,1.2046869380053672e-06,1,RF_SURROGATE_V01,False
GENE_C,0.4449335846638148,0.05487329205240455,0.47237023069001705,1.9272898355472746e-07,1,RF_SURROGATE_V01,True
GENE_D,0.4591979754429134,0.06441946302279637,0.4914077069543116,7.5943911865466925e-06,1,RF_SURROGATE_V01,False
GENE_E,0.446024789891365,0.0569135050355778,0.4744815424091539,4.261376595048769e-07,1,RF_SURROGATE_V01,False
GENE_F,0.49184438619497434,0.09261065118485154,0.5381497117874001,0.0008818334165853038,1,RF_SURROGATE_V01,True
GENE_H,0.45272837896392915,0.05930177058666922,0.48237926425726374,1.43970253528418e-06,1,RF_SURROGATE_V01,True
GENE_I,0.4455357871919033,0.055285042898669104,0.47317830864123783,2.349925953524231e-07,1,RF_SURROGATE_V01,False
GENE_J,0.4721612989222869,0.07950830778051962,0.5119154528125467,0.00014651936394917907,1,RF_SURROGATE_V01,False
GENE_K,0.48339133313574634,0.09225601034483988,0.5295193383081662,0.0006731532088337794,1,RF_SURROGATE_V01,False
GENE_L,0.4964513188586682,0.09266560275762362,0.54278412023748,0.0010083444203979504,1,RF_SURROGATE_V01,False
GENE_M,0.4455357871919033,0.055285042898669104,0.47317830864123783,2.349925953524231e-07,1,RF_SURROGATE_V01,True
GENE_N,0.49244658872306274,0.09255047754586687,0.5387218274959962,0.000893532402989808,1,RF_SURROGATE_V01,True
GENE_O,0.44386659318448823,0.05344781961559306,0.4705905029922848,1.0232141377965309e-07,1,RF_SURROGATE_V01,False
GENE_P,0.4964513188586682,0.09266560275762362,0.54278412023748,0.0010083444203979504,1,RF_SURROGATE_V01,False
GENE_Q,0.4518306435442546,0.058428464416646765,0.481044875752578,1.0527857918977399e-06,1,RF_SURROGATE_V01,False
GENE_S,0.4575287814354985,0.06321163148513288,0.48913459717806496,5.269733149430264e-06,1,RF_SURROGATE_V01,True
