gene_symbol,tumor_mean,tumor_median,tumor_sd,tumor_iqr,normal_mean,normal_median,delta_expression,tumor_prevalence,normal_prevalence,hpa_normal_max,n_normal_tissues_positive,normal_tissue_fraction_positive,n_normal_celltypes_positive,critical_organ_max,n_critical_tissues_positive,normal_protein_risk,hpa_missing,surface_score,surface_confidence,surface_missing,surface_eligible,tumor_score,selectivity_score,prevalence_score,surface_score_norm,heterogeneity_risk,normal_rna_risk,normal_protein_risk_norm,critical_organ_risk,scorable,benefit_score,risk_score,adc_target_score_raw,passes_hard_filters
ERBB2,9.031177219670962,8.92929176519436,0.9653184340027404,1.3296758732682117,0.5671094887524332,0.5581754307983539,8.371116334396007,1.0,0.0,2,4,0.5,1,2,3,0.6333333333333333,False,1.0,high,False,True,0.9169934473709456,1.0,1.0,1.0,0.05329874971783411,0.03567994442503435,0.6333333333333333,0.6666666666666666,True,0.9792483618427363,0.43679746800934866,0.5424508938333876,True
TACSTD2,7.971553026095475,7.896317980030849,1.2277104517804804,1.5866801121303942,0.4961567625037178,0.3941220263794827,7.502195953651366,1.0,0.0,3,3,0.375,1,3,3,0.875,False,1.0,high,False,True,0.7707027716760304,0.9055787306172567,1.0,1.0,0.12090533416464389,0.0,0.875,1.0,True,0.9143493121041846,0.6243858001246966,0.289963511979488,False
NECTIN4,9.453647685415376,9.346846023867675,1.267520199266812,1.3704313290507528,0.9977539014142076,1.0744368336049916,8.272409190262684,1.0,0.0,3,7,0.875,1,3,4,0.975,False,1.0,high,False,True,0.9761278567024848,0.9915193913542995,1.0,1.0,0.06401972916637981,0.18150019963187314,0.975,1.0,True,0.991487781581911,0.6871529993013316,0.3043347822805794,False
FOLR1,9.435146299163412,9.56575992575409,1.1506169666110382,1.6486885739328354,1.3639345580017035,1.3739909073995116,8.191769018354579,1.0,0.0,3,3,0.375,1,3,2,0.875,False,1.0,high,False,True,1.0,0.9825215329349583,1.0,1.0,0.13721705076442947,0.26611053705298293,0.875,1.0,True,0.9947564598804874,0.680054665025261,0.3147017948552264,False
EPCAM,2.497227831678188,2.5561934777244426,1.2383085018372149,1.4651331604391715,0.8823439579603228,0.7327546895231138,1.8234387882013288,0.1125,0.0,2,7,0.875,1,2,4,0.7083333333333334,False,1.0,high,False,True,0.014429540972777632,0.2719410316454899,0.1125,1.0,0.08893164264054616,0.08499060743929043,0.7083333333333334,0.6666666666666666,True,0.31331469473684137,0.4782545345506066,-0.16493983981376525,False
GENE_A,7.869480900401024,7.899166228317564,1.2401915064021425,1.4670563182856498,2.880844459305924,2.8582574641810314,5.040908764136533,1.0,0.075,2,4,0.5,1,1,2,0.5,False,0.9,high,False,True,0.771106143157858,0.6309474502446134,1.0,0.9,0.08943754143010735,0.6853480142848839,0.5,0.3333333333333333,True,0.8120607708628486,0.42548523407149286,0.3865755367913557,True
GENE_B,3.985776007704441,2.9635816983935586,2.5943530766956533,4.786351129775472,2.881852215305524,2.9897268831904595,-0.0261451847969009,0.4875,0.05,2,2,0.25,1,1,1,0.45,False,0.8,medium,False,True,0.07212422686686393,0.06556380885526705,0.4875,0.8,0.9625989568617848,0.7224821175272097,0.45,0.3333333333333333,True,0.31957519937329615,0.5463862670347097,-0.22681106766141357,True
GENE_C,6.657231465783338,6.531027144952072,1.2817109216230234,1.377410433079203,3.921681124822096,4.123037669416585,2.4079894755354863,0.975,0.575,2,5,0.625,1,2,5,0.6583333333333333,False,0.7,medium,False,True,0.5773490567488566,0.337165400581052,0.975,0.7,0.06585562645722373,1.0,0.6583333333333333,0.6666666666666666,True,0.6292368843615298,0.6402950106352502,-0.011058126273720381,True
GENE_D,2.73886639156025,2.8105171696169355,1.2665624874481305,2.001839275409065,1.6358020578671226,1.6883150040160595,1.1222021656008758,0.175,0.0,2,6,0.75,1,2,4,0.6833333333333333,False,0.9,high,False,True,0.050447090756278595,0.19369680548230417,0.175,0.9,0.23011556803209934,0.3548927309902105,0.6833333333333333,0.6666666666666666,True,0.29447081433376093,0.5446625480695236,-0.2501917337357627,False
GENE_E,4.7223587612384135,4.727013503680499,1.1954695450189057,1.1023680780302394,1.883583906141346,1.853242200908892,2.8737713027716074,0.7625,0.0,2,7,0.875,1,2,5,0.7083333333333334,False,0.6,medium,False,True,0.3218630237681768,0.3891374988120514,0.7625,0.6,0.0,0.4014771275976575,0.7083333333333334,0.6666666666666666,True,0.5078320055856596,0.5282120921861981,-0.020380086600538583,True
GENE_F,4.067712463737259,4.161789036876675,1.1430496449693752,1.3495851571611397,1.7305995510763208,1.726563713282006,2.435225323594669,0.5625,0.0,3,8,1.0,1,3,5,1.0,False,0.8,medium,False,True,0.24181542686334254,0.3402043859771457,0.5625,0.8,0.0585360122966219,0.36569624354445324,1.0,1.0,True,0.4631401725089794,0.7319196505533838,-0.26877947804440444,False
GENE_G,7.59610091617768,7.821428983812341,1.1964045219112354,1.2768192555750444,1.0929339496564705,1.0196907808617837,6.801738202950557,0.9875,0.0,3,4,0.5,1,2,3,0.7666666666666667,False,0.7,medium,False,True,0.7600969247356018,0.8274214112514396,0.9875,0.7,0.03939448337784543,0.16603694140807046,0.7666666666666667,0.6666666666666666,True,0.8251256545593323,0.5074498941216241,0.3176757604377082,True
GENE_H,3.6970909961445018,3.075587166228413,2.399914628885496,4.409179558310037,0.7194225723733251,0.7055926273343907,2.369994538894022,0.4875,0.0,3,5,0.625,1,1,3,0.6583333333333333,False,0.9,high,False,True,0.08798654187081366,0.33292591234011265,0.4875,0.9,0.863381598385111,0.0773185660688316,0.6583333333333333,0.3333333333333333,True,0.42374940916973725,0.47538761963819964,-0.0516382104684624,True
GENE_I,6.930602423383138,6.884095719050171,1.240834121076941,1.634457347987743,2.3198699558140667,2.355245560140092,4.528850158910079,0.9875,0.0,2,4,0.5,1,2,3,0.6333333333333333,False,0.6,medium,False,True,0.627350945483405,0.5738117730354491,0.9875,0.6,0.13347343710693466,0.5432701370301317,0.6333333333333333,0.6666666666666666,True,0.6958562682814861,0.5503417096387332,0.14551455864275287,True
GENE_J,4.590681334321156,4.582913173344168,1.257299646782966,1.7035124169285392,1.2627473156160234,1.4013625023681031,3.1815506709760646,0.65,0.0,3,7,0.875,1,2,5,0.8416666666666668,False,0.8,high,False,True,0.30145540549601946,0.4234796277283177,0.65,0.8,0.15163880811596972,0.27384176185894266,0.8416666666666668,0.6666666666666666,True,0.5249077396925002,0.5720975069225174,-0.04718976723001722,True
GENE_K,3.232026068880942,3.336143427288915,1.2748143621483647,1.6437020655489327,2.8437232923413704,2.9503710118348856,0.3857724154540296,0.3125,0.025,3,8,1.0,1,3,5,1.0,False,0.7,medium,False,True,0.124886753700534,0.11152571791116997,0.3125,0.7,0.13590531831346464,0.7113658822755367,1.0,1.0,True,0.2828044037984845,0.8126589742021268,-0.5298545704036424,False
GENE_L,5.47207746379039,5.655791682265971,1.261899566329581,1.3951220304757932,1.97039388952918,1.8672050608209008,3.78858662144507,0.875,0.0,3,4,0.5,1,3,4,0.9,False,0.9,high,False,True,0.45339742402834776,0.49121291014238233,0.875,0.9,0.07051477375526727,0.405420997475819,0.9,1.0,True,0.6594632290498017,0.7066614155584539,-0.04719818650865215,False
GENE_M,2.4697947750174354,2.423870750040856,1.2352012088705702,1.7068506333841131,3.231938520287715,3.213123466499115,-0.7892527164582592,0.1375,0.125,2,3,0.375,1,2,2,0.6083333333333334,False,0.6,medium,False,True,0.0,0.0,0.1375,0.6,0.15251694698910526,0.7855814439794817,0.6083333333333334,0.6666666666666666,True,0.15437499999999998,0.5929104975109287,-0.43853549751092874,False
GENE_N,4.181704226443002,3.584801157104814,2.6486933849507963,4.970998990670237,2.871774889745238,2.9548521658899647,0.6299489912148495,0.5,0.05,3,6,0.75,1,3,4,0.95,False,0.8,medium,False,True,0.16010188484326035,0.1387710251324781,0.5,0.8,1.0,0.7126316035252377,0.95,1.0,True,0.3666567787505586,0.9250263207050475,-0.558369541954489,False
GENE_O,5.694533220846921,5.812609686058129,1.255753398205521,1.4993633521194534,1.51185697300308,1.4866392199415703,4.325970466116559,0.9,0.0,2,6,0.75,1,1,3,0.55,False,0.7,medium,False,True,0.47560613064354146,0.5511743863741729,0.9,0.7,0.0979361102505315,0.29792853776773937,0.55,0.3333333333333333,True,0.6492538485731373,0.3667761240911276,0.2824777244820097,True
GENE_P,6.330362089893292,6.365317039209764,1.2051971344880763,1.2097347137492216,3.418997150823712,3.321619059811952,3.043697979397812,0.975,0.175,3,5,0.625,1,3,3,0.925,False,0.9,high,False,True,0.5538810426649555,0.40809797647192236,0.975,0.9,0.0217474719429286,0.8162264912746809,0.925,1.0,True,0.6846496536078156,0.7902574190463755,-0.10560776543855988,False
GENE_Q,3.9539981025012296,3.9245790591269913,1.2290268744368065,1.5270780743655816,3.4482893856089847,3.467439096882808,0.4571399622441823,0.475,0.175,3,1,0.125,1,0,0,0.425,False,0.8,medium,False,True,0.20822153665529242,0.11948893359584496,0.475,0.8,0.10522664257111906,0.857413988353379,0.425,0.0,True,0.3666520642425766,0.33601679405634366,0.030635270186232966,True
GENE_R,7.743037378162095,7.93783434255805,1.167337826756406,1.7747360544991588,1.6219695438358983,1.6794086186218982,6.258425723936152,1.0,0.0,1,4,0.5,1,1,3,0.3666666666666667,False,0.6,medium,False,True,0.7765823562441305,0.7667984159383355,1.0,0.6,0.17037463476748732,0.3523770841026327,0.3666666666666667,0.3333333333333333,True,0.7941851138425332,0.32436494536898297,0.46982016847355024,True
GENE_S,6.971249888184142,6.940548810272818,1.1919695592331971,1.474831310956537,1.4091405697138777,1.3882400434673243,5.552308766805494,0.975,0.0,1,1,0.125,1,0,0,0.1583333333333333,False,0.9,high,False,True,0.6353458829916405,0.6880096403514229,0.975,0.9,0.09148280224333284,0.270135266863481,0.1583333333333333,0.0,True,0.7889893628533371,0.12316614037586276,0.6658232224774743,True
