gene_symbol,hpa_normal_max,n_normal_tissues_positive,normal_tissue_fraction_positive,n_normal_celltypes_positive,critical_organ_max,n_critical_tissues_positive,normal_protein_risk,hpa_missing
EPCAM,2,7,0.875,1,2,4,0.7083333333333334,False
ERBB2,2,4,0.5,1,2,3,0.6333333333333333,False
FOLR1,3,3,0.375,1,3,2,0.875,False
GENE_A,2,4,0.5,1,1,2,0.5,False
GENE_B,2,2,0.25,1,1,1,0.45,False
GENE_C,2,5,0.625,1,2,5,0.6583333333333333,False
GENE_D,2,6,0.75,1,2,4,0.6833333333333333,False
GENE_E,2,7,0.875,1,2,5,0.7083333333333334,False
GENE_F,3,8,1.0,1,3,5,1.0,False
GENE_G,3,4,0.5,1,2,3,0.7666666666666667,False
GENE_H,3,5,0.625,1,1,3,0.6583333333333333,False
GENE_I,2,4,0.5,1,2,3,0.6333333333333333,False
GENE_J,3,7,0.875,1,2,5,0.8416666666666668,False
GENE_K,3,8,1.0,1,3,5,1.0,False
GENE_L,3,4,0.5,1,3,4,0.9,False
GENE_M,2,3,0.375,1,2,2,0.6083333333333334,False
GENE_N,3,6,0.75,1,3,4,0.9500000000000001,False
GENE_O,2,6,0.75,1,1,3,0.55,False
GENE_P,3,5,0.625,1,3,3,0.925,False
GENE_Q,3,1,0.125,1,0,0,0.42500000000000004,False
GENE_R,1,4,0.5,1,1,3,0.3666666666666667,False
GENE_S,1,1,0.125,1,0,0,0.15833333333333333,False
NECTIN4,3,7,0.875,1,3,4,0.9750000000000001,False
TACSTD2,3,3,0.375,1,3,3,0.875,False
