gene_symbol,tumor_mean,tumor_median,tumor_sd,tumor_iqr,normal_mean,normal_median,delta_expression,tumor_prevalence,normal_prevalence
ERBB2,9.031177219670962,8.92929176519436,0.9653184340027403,1.3296758732682115,0.5671094887524332,0.5581754307983539,8.371116334396007,1.0,0.0
TACSTD2,7.971553026095475,7.896317980030849,1.2277104517804804,1.5866801121303942,0.4961567625037178,0.3941220263794827,7.502195953651366,1.0,0.0
NECTIN4,9.453647685415376,9.346846023867675,1.267520199266812,1.3704313290507528,0.9977539014142076,1.0744368336049916,8.272409190262684,1.0,0.0
FOLR1,9.435146299163412,9.56575992575409,1.1506169666110382,1.6486885739328354,1.3639345580017037,1.3739909073995116,8.191769018354579,1.0,0.0
EPCAM,2.4972278316781877,2.5561934777244426,1.2383085018372149,1.4651331604391715,0.8823439579603228,0.7327546895231138,1.8234387882013288,0.1125,0.0
GENE_A,7.869480900401024,7.899166228317564,1.2401915064021423,1.4670563182856498,2.880844459305924,2.8582574641810314,5.040908764136533,1.0,0.075
GENE_B,3.985776007704441,2.9635816983935586,2.5943530766956533,4.786351129775472,2.881852215305524,2.9897268831904595,-0.026145184796900978,0.4875,0.05
GENE_C,6.657231465783338,6.531027144952072,1.2817109216230234,1.377410433079203,3.921681124822096,4.123037669416585,2.4079894755354863,0.975,0.575
GENE_D,2.73886639156025,2.8105171696169355,1.2665624874481303,2.001839275409065,1.6358020578671226,1.6883150040160597,1.1222021656008758,0.175,0.0
GENE_E,4.7223587612384135,4.727013503680499,1.1954695450189055,1.1023680780302394,1.883583906141346,1.853242200908892,2.8737713027716074,0.7625,0.0
GENE_F,4.067712463737259,4.161789036876675,1.1430496449693752,1.3495851571611395,1.7305995510763208,1.726563713282006,2.435225323594669,0.5625,0.0
GENE_G,7.59610091617768,7.821428983812341,1.1964045219112354,1.2768192555750444,1.0929339496564703,1.0196907808617837,6.801738202950557,0.9875,0.0
GENE_H,3.6970909961445018,3.075587166228413,2.399914628885496,4.409179558310037,0.7194225723733251,0.7055926273343907,2.369994538894022,0.4875,0.0
GENE_I,6.930602423383138,6.884095719050171,1.2408341210769407,1.634457347987743,2.3198699558140667,2.3552455601400917,4.528850158910079,0.9875,0.0
GENE_J,4.590681334321156,4.582913173344168,1.257299646782966,1.7035124169285392,1.2627473156160234,1.4013625023681033,3.1815506709760646,0.65,0.0
GENE_K,3.232026068880942,3.336143427288915,1.2748143621483647,1.6437020655489327,2.8437232923413704,2.9503710118348856,0.3857724154540296,0.3125,0.025
GENE_L,5.47207746379039,5.655791682265971,1.261899566329581,1.3951220304757932,1.97039388952918,1.8672050608209008,3.78858662144507,0.875,0.0
GENE_M,2.4697947750174354,2.4238707500408556,1.2352012088705702,1.7068506333841131,3.231938520287715,3.213123466499115,-0.7892527164582592,0.1375,0.125
GENE_N,4.181704226443002,3.584801157104814,2.6486933849507963,4.970998990670237,2.8717748897452386,2.9548521658899647,0.6299489912148495,0.5,0.05
GENE_O,5.694533220846921,5.812609686058129,1.255753398205521,1.4993633521194534,1.51185697300308,1.4866392199415703,4.3259704661165586,0.9,0.0
GENE_P,6.330362089893292,6.3653170392097635,1.2051971344880765,1.2097347137492216,3.4189971508237122,3.321619059811952,3.0436979793978116,0.975,0.175
GENE_Q,3.9539981025012296,3.9245790591269905,1.2290268744368065,1.5270780743655816,3.4482893856089847,3.467439096882808,0.4571399622441823,0.475,0.175
GENE_R,7.743037378162095,7.93783434255805,1.167337826756406,1.7747360544991588,1.6219695438358985,1.6794086186218982,6.258425723936152,1.0,0.0
GENE_S,6.971249888184142,6.940548810272818,1.1919695592331971,1.474831310956537,1.4091405697138775,1.3882400434673245,5.552308766805494,0.975,0.0
